<annotation>
	<folder></folder>
	<filename>WIN_20240111_18_54_29_Pro_jpg.rf.a70da92078b5597b0ea57ada19adf781.jpg</filename>
	<path>WIN_20240111_18_54_29_Pro_jpg.rf.a70da92078b5597b0ea57ada19adf781.jpg</path>
	<source>
		<database>roboflow.com</database>
	</source>
	<size>
		<width>516</width>
		<height>300</height>
		<depth>3</depth>
	</size>
	<segmented>0</segmented>
	<object>
		<name>posev</name>
		<pose>Unspecified</pose>
		<truncated>0</truncated>
		<difficult>0</difficult>
		<occluded>0</occluded>
		<bndbox>
			<xmin>146</xmin>
			<xmax>192</xmax>
			<ymin>139</ymin>
			<ymax>232</ymax>
		</bndbox>
	</object>
</annotation>
