<annotation>
	<folder></folder>
	<filename>WIN_20240111_18_54_19_Pro_jpg.rf.f485ec0db6e25ea1151ee1a4565fa3c3.jpg</filename>
	<path>WIN_20240111_18_54_19_Pro_jpg.rf.f485ec0db6e25ea1151ee1a4565fa3c3.jpg</path>
	<source>
		<database>roboflow.com</database>
	</source>
	<size>
		<width>516</width>
		<height>300</height>
		<depth>3</depth>
	</size>
	<segmented>0</segmented>
	<object>
		<name>posev</name>
		<pose>Unspecified</pose>
		<truncated>0</truncated>
		<difficult>0</difficult>
		<occluded>0</occluded>
		<bndbox>
			<xmin>136</xmin>
			<xmax>175</xmax>
			<ymin>122</ymin>
			<ymax>210</ymax>
		</bndbox>
	</object>
</annotation>
