<annotation>
	<folder></folder>
	<filename>WIN_20240111_18_54_23_Pro_jpg.rf.274a3cee7230cf16a4e27efae856c7a6.jpg</filename>
	<path>WIN_20240111_18_54_23_Pro_jpg.rf.274a3cee7230cf16a4e27efae856c7a6.jpg</path>
	<source>
		<database>roboflow.com</database>
	</source>
	<size>
		<width>516</width>
		<height>300</height>
		<depth>3</depth>
	</size>
	<segmented>0</segmented>
	<object>
		<name>posev</name>
		<pose>Unspecified</pose>
		<truncated>0</truncated>
		<difficult>0</difficult>
		<occluded>0</occluded>
		<bndbox>
			<xmin>140</xmin>
			<xmax>177</xmax>
			<ymin>135</ymin>
			<ymax>221</ymax>
		</bndbox>
	</object>
</annotation>
