<annotation>
	<folder></folder>
	<filename>WIN_20240111_18_54_17_Pro_jpg.rf.af68964348ba7463f04a9cc9cccd462d.jpg</filename>
	<path>WIN_20240111_18_54_17_Pro_jpg.rf.af68964348ba7463f04a9cc9cccd462d.jpg</path>
	<source>
		<database>roboflow.com</database>
	</source>
	<size>
		<width>516</width>
		<height>300</height>
		<depth>3</depth>
	</size>
	<segmented>0</segmented>
	<object>
		<name>posev</name>
		<pose>Unspecified</pose>
		<truncated>0</truncated>
		<difficult>0</difficult>
		<occluded>0</occluded>
		<bndbox>
			<xmin>132</xmin>
			<xmax>173</xmax>
			<ymin>123</ymin>
			<ymax>214</ymax>
		</bndbox>
	</object>
</annotation>
