filename,width,height,class,xmin,ymin,xmax,ymax
WIN_20240111_18_54_49_Pro_jpg.rf.dde3a876928ebfa4446a8d4a8435101c.jpg,516,300,metal,117,135,178,226
WIN_20240111_22_51_25_Pro_jpg.rf.df3799d45179d969aaac30e0be9740b5.jpg,516,300,posev,340,111,393,202
WIN_20240111_18_54_17_Pro_jpg.rf.db549f54ad038b305b653095f4e85367.jpg,516,300,posev,131,122,172,213
WIN_20240111_23_06_11_Pro_jpg.rf.d4ec7a4e84e9d5fe844b7019417a463b.jpg,516,300,thumb,333,124,387,198
WIN_20240111_18_58_26_Pro_jpg.rf.de83779a95150b2af0712a7a6eec945d.jpg,516,300,metal,342,128,411,203
WIN_20240111_23_06_47_Pro_jpg.rf.df3261352a83540c5d09cdead463857b.jpg,516,300,metal,348,116,422,187
WIN_20240111_20_15_11_Pro_jpg.rf.db050d871e682a8765915f18348edf8a.jpg,516,300,metal,196,179,286,273
WIN_20240111_21_39_31_Pro-3-_jpg.rf.dfae455a19e3513df82bf650c5b80bc6.jpg,516,300,metal,279,112,360,240
WIN_20240111_20_14_14_Pro_jpg.rf.d70efe65e2c2e8c8f905467b89c3f3b7.jpg,516,300,metal,301,164,359,242
WIN_20240111_22_51_32_Pro-2-_jpg.rf.de35f7e8677d69508e4cfee831dcd3ab.jpg,516,300,posev,339,111,392,208
WIN_20240111_22_50_43_Pro_jpg.rf.d23d2a26d47ac8f3ec56c2e4671082d0.jpg,516,300,thumb,361,132,418,213
WIN_20240111_18_58_26_Pro_jpg.rf.d5b3f7e3900f02fbff901726d1f184d3.jpg,516,300,metal,342,128,411,203
WIN_20240111_18_54_23_Pro_jpg.rf.d334481d4b3b64becc749181ea5ed667.jpg,516,300,posev,139,134,176,220
WIN_20240111_22_50_42_Pro_jpg.rf.d6f2bee02f88704176e8868345c2eddc.jpg,516,300,thumb,361,132,421,214
WIN_20240111_18_58_17_Pro_jpg.rf.d97caff09f8db97a7f24516699095eb0.jpg,516,300,metal,352,116,429,198
WIN_20240111_23_06_38_Pro_jpg.rf.d598519f609d9660bd844564a4e84e41.jpg,516,300,thumb,133,123,183,189
WIN_20240111_21_39_31_Pro-2-_jpg.rf.d90fe0dced5df88bcc1e994595731191.jpg,516,300,metal,281,113,360,243
WIN_20240111_23_06_32_Pro_jpg.rf.d38ba5745c300e4c58f4c79bc4005ec3.jpg,516,300,metal,114,111,168,179
WIN_20240111_21_39_37_Pro_jpg.rf.dedcaaa300d9bd9c56d07b9f86a61f21.jpg,516,300,metal,283,110,363,231
WIN_20240111_18_54_49_Pro_jpg.rf.d5313618183ce723e3f5628cda69fa87.jpg,516,300,metal,117,135,178,226
WIN_20240111_23_05_52_Pro_jpg.rf.dbdbb658f61c84cc138a8aa7cc588dc8.jpg,516,300,posev,337,146,382,229
WIN_20240111_20_12_49_Pro_jpg.rf.d24b06f9f01bc23d9e19c9a0eae82766.jpg,516,300,thumb,92,187,135,263
WIN_20240111_21_39_42_Pro-2-_jpg.rf.da1128b6ce1f4fbdd9e65e6f90401d73.jpg,516,300,posev,334,132,413,290
WIN_20240111_21_39_42_Pro_jpg.rf.d4cd5307c2aa3b12bada5f6b3fb03a18.jpg,516,300,posev,334,132,414,294
WIN_20240111_20_12_18_Pro_jpg.rf.e0fd0984e24f2d683c7e025763a9af21.jpg,516,300,thumb,145,158,198,239
WIN_20240111_20_15_11_Pro_jpg.rf.e007d9159d336486cff76ca1ae902f86.jpg,516,300,metal,196,179,286,273
WIN_20240111_23_06_11_Pro_jpg.rf.d4231677894ccc6a764165ba1079556f.jpg,516,300,thumb,333,124,387,198
WIN_20240111_20_14_27_Pro_jpg.rf.e11f504106e55ff5dada2808d4719f0b.jpg,516,300,metal,262,114,330,192
WIN_20240111_20_12_18_Pro_jpg.rf.e2eb8c083905cd7827bc71d9844bc6b6.jpg,516,300,thumb,145,158,198,239
WIN_20240111_20_10_16_Pro_jpg.rf.e53af89ebb26f4eec030ff4904c5e5fc.jpg,516,300,posev,274,125,338,219
WIN_20240111_18_54_59_Pro_jpg.rf.e69731d937e8c4cbbbeffebc5d57623e.jpg,516,300,metal,137,143,198,233
WIN_20240111_18_58_29_Pro_jpg.rf.e7d8e3e55dbc9cfda0c8fda0314bcd30.jpg,516,300,metal,345,137,409,198
WIN_20240111_18_58_06_Pro_jpg.rf.e90ead4d96932cdf33f06d37ef60dffa.jpg,516,300,metal,346,120,422,200
WIN_20240111_18_55_14_Pro_jpg.rf.e941c649b5a53c4d30f323a228649089.jpg,516,300,thumb,144,152,204,230
WIN_20240111_18_57_43_Pro_jpg.rf.ec8a9e54a5a6d45af4068a2dd373eb1c.jpg,516,300,posev,359,126,410,214
WIN_20240111_20_12_49_Pro_jpg.rf.ea1a8924a62a8902b7dd26d0e0c17a66.jpg,516,300,thumb,92,187,135,263
WIN_20240111_20_14_14_Pro_jpg.rf.ecd0be4a52bb121d76960322930234b5.jpg,516,300,metal,301,164,359,242
WIN_20240111_18_58_06_Pro_jpg.rf.ece3b89fa31516378788a8271db0c628.jpg,516,300,metal,346,120,422,200
WIN_20240111_20_13_29_Pro_jpg.rf.ed5aa0d02ac3bc78ed82eba9b345a638.jpg,516,300,thumb,280,208,334,295
WIN_20240111_23_06_32_Pro_jpg.rf.ed49689169ddf03cf33a870a097644e8.jpg,516,300,metal,114,111,168,179
WIN_20240111_20_13_29_Pro_jpg.rf.ed6f0a579a144c3ba64ea1e8430fb053.jpg,516,300,thumb,280,208,334,295
WIN_20240111_22_50_49_Pro_jpg.rf.f0a705559cab72c1c3e0ec627d436cfa.jpg,516,300,thumb,366,136,415,217
WIN_20240111_18_58_41_Pro_jpg.rf.ed883b5c9abfcbc8b01195f259c6892c.jpg,516,300,thumb,342,131,404,215
WIN_20240111_21_39_31_Pro-2-_jpg.rf.eb32aec367afbb7bdd8840f85a10d9fb.jpg,516,300,metal,281,113,360,243
WIN_20240111_18_58_09_Pro_jpg.rf.edc3b06a291a17bd81763f833c0ccf3a.jpg,516,300,metal,347,119,424,200
WIN_20240111_21_39_44_Pro-2-_jpg.rf.f362f5007afc5ddcbed526de3bd2fb4e.jpg,516,300,posev,340,113,419,270
WIN_20240111_18_58_02_Pro_jpg.rf.f40fa387739cea3540d56f5dc08d1797.jpg,516,300,posev,359,135,399,228
WIN_20240111_18_54_51_Pro_jpg.rf.f696b693aeace4ae262495ec82842d21.jpg,516,300,metal,117,135,181,223
WIN_20240111_18_54_19_Pro_jpg.rf.f485ec0db6e25ea1151ee1a4565fa3c3.jpg,516,300,posev,135,121,174,209
WIN_20240111_23_06_43_Pro_jpg.rf.fb527e867f31e6e0f27c9dc7fdc97751.jpg,516,300,posev,131,116,168,192
WIN_20240111_18_58_43_Pro_jpg.rf.f67da1d927c9c6032bb146515d3eb476.jpg,516,300,thumb,345,130,406,214
WIN_20240111_21_39_44_Pro_jpg.rf.faf7354c9877a3e5de11b09f8f3638ca.jpg,516,300,posev,341,115,422,275
WIN_20240111_18_57_47_Pro_jpg.rf.f86f379fa893d437b55cda3af4beec7e.jpg,516,300,posev,362,125,408,217
WIN_20240111_22_50_54_Pro_jpg.rf.fc51fe7721b6a53a313a0bfd7f390542.jpg,516,300,metal,346,126,420,205
WIN_20240111_20_15_15_Pro_jpg.rf.fd3d9f6c80445b55f537a114f2932a35.jpg,516,300,metal,156,101,242,199
WIN_20240111_23_06_01_Pro_jpg.rf.fcc7264f9cb1910db2c49e0860a6e8d7.jpg,516,300,metal,319,142,386,206
WIN_20240111_18_58_25_Pro_jpg.rf.feab99eb7f5f8381b2d8bfb6aeeedba3.jpg,516,300,metal,340,127,403,198
WIN_20240111_23_06_31_Pro_jpg.rf.ffb921098fa1f7cafc544863ab133101.jpg,516,300,metal,116,111,169,177
WIN_20240111_20_15_04_Pro_jpg.rf.ffe34dba634f4488ed10e382793359ef.jpg,516,300,metal,114,171,179,261
WIN_20240111_22_51_03_Pro_jpg.rf.046df16a0c5f1ad2a04b54f7430df83f.jpg,516,300,metal,341,124,412,202
WIN_20240111_20_14_44_Pro_jpg.rf.0163a95686a065f08cd4bfda0b659449.jpg,516,300,metal,158,123,230,212
WIN_20240111_20_15_11_Pro_jpg.rf.088f1a7f82eae42f68a54ad5259dfd35.jpg,516,300,metal,196,179,286,273
WIN_20240111_21_39_42_Pro-3-_jpg.rf.048b4c343eb7e0c465980f697b4fa9ae.jpg,516,300,posev,334,132,416,293
WIN_20240111_21_39_43_Pro-2-_jpg.rf.067cf87d69d7666ce9e1f37a46a51b01.jpg,516,300,posev,343,110,420,265
WIN_20240111_18_54_47_Pro_jpg.rf.0693984e373cac15e919c9fed74e701f.jpg,516,300,metal,116,135,179,224
WIN_20240111_21_36_31_Pro_jpg.rf.098fa38916b10b293664145ee5e17189.jpg,516,300,posev,323,133,388,260
WIN_20240111_23_06_00_Pro_jpg.rf.09faa23f4167eb3db190cf6d574018b9.jpg,516,300,metal,319,142,389,206
WIN_20240111_20_14_56_Pro_jpg.rf.04cd9ae898abe682f3a3271b0109c14c.jpg,516,300,metal,208,177,281,265
WIN_20240111_18_57_54_Pro_jpg.rf.0c05222631f998d80cad01f4a55e7d35.jpg,516,300,posev,362,138,405,229
WIN_20240111_18_57_54_Pro_jpg.rf.0c0a0aa743d7d293c6826c17eeb937e0.jpg,516,300,posev,362,138,405,229
WIN_20240111_23_06_47_Pro_jpg.rf.0903e8e03caae1673d799bfb9819b7fc.jpg,516,300,metal,348,116,422,187
WIN_20240111_21_39_31_Pro-2-_jpg.rf.0cae74ec4b7da0efea55238d5fe1c164.jpg,516,300,metal,281,113,360,243
WIN_20240111_18_58_17_Pro_jpg.rf.04eade3303d0c464688f0df3a6a3ca35.jpg,516,300,metal,352,116,429,198
WIN_20240111_20_10_46_Pro_jpg.rf.0d9d4d935bcf1880964d38cbd2d2ce6b.jpg,516,300,posev,145,128,221,222
WIN_20240111_22_51_03_Pro_jpg.rf.0d983a14ac359d9b8ffc2151336ca880.jpg,516,300,metal,341,124,412,202
WIN_20240111_18_54_59_Pro_jpg.rf.0dd2611e1a4885c818275c931a31658b.jpg,516,300,metal,137,143,198,233
WIN_20240111_18_58_11_Pro_jpg.rf.0bce0562aaccf05271f70daba167c6da.jpg,516,300,metal,345,122,424,203
WIN_20240111_21_39_37_Pro_jpg.rf.0e8dbf5e155984dd17d7e551331fae23.jpg,516,300,metal,283,110,363,231
WIN_20240111_22_50_49_Pro_jpg.rf.10b4524e33b1caa05f2cbd5c5dbd3ee9.jpg,516,300,thumb,366,136,415,217
WIN_20240111_18_54_45_Pro_jpg.rf.112d6677ca0dbd561dd30cfa69fadec1.jpg,516,300,metal,115,134,181,225
WIN_20240111_21_36_31_Pro_jpg.rf.12a841a09ca82931ce7b7342fc1503e0.jpg,516,300,posev,323,133,388,260
WIN_20240111_21_39_43_Pro-2-_jpg.rf.13c6e183964647abbe792659fcb3d505.jpg,516,300,posev,343,110,420,265
WIN_20240111_18_58_16_Pro_jpg.rf.13cb4035bd9ffa675eaf14d37f9e4807.jpg,516,300,metal,338,127,418,197
WIN_20240111_20_09_54_Pro_jpg.rf.14e399ab3b12a1792665aa70d402e923.jpg,516,300,posev,115,183,171,291
WIN_20240111_18_57_59_Pro_jpg.rf.153cabf0e8d6436335cf1c89816bb038.jpg,516,300,posev,355,137,400,231
WIN_20240111_18_57_46_Pro_jpg.rf.17dfdaf5c5107ca3804e908b89fd882e.jpg,516,300,posev,370,125,411,219
WIN_20240111_20_10_16_Pro_jpg.rf.1bea4c8027d8a8a38683a77baeaaad83.jpg,516,300,posev,274,125,338,219
WIN_20240111_20_14_14_Pro_jpg.rf.1a04f649b9195dc8bff65d7775c2d1cf.jpg,516,300,metal,301,164,359,242
WIN_20240111_20_12_59_Pro_jpg.rf.1d73ac4b2a21b0fabce3d9a7a9e27abf.jpg,516,300,thumb,279,184,336,278
WIN_20240111_18_54_45_Pro_jpg.rf.1f7a9e83353bd65c0cba630b8c105aaa.jpg,516,300,metal,115,134,181,225
WIN_20240111_18_58_02_Pro_jpg.rf.2131b9d966b01c2b36527d0c773cbec9.jpg,516,300,posev,359,135,399,228
WIN_20240111_18_58_06_Pro_jpg.rf.1fbc3c0c09816ffcead06b26c694910e.jpg,516,300,metal,346,120,422,200
WIN_20240111_18_55_01_Pro_jpg.rf.215b589bf2639bfff7db3fc6558396f5.jpg,516,300,metal,135,143,197,232
WIN_20240111_23_06_31_Pro_jpg.rf.14f4c9f3908478b4f3b7132c6191f9ea.jpg,516,300,metal,116,111,169,177
WIN_20240111_22_50_50_Pro_jpg.rf.221141ba07f772c45a0114a839017c1a.jpg,516,300,thumb,366,136,421,220
WIN_20240111_23_06_43_Pro_jpg.rf.22820b92261299437cf5b814dbcf8d65.jpg,516,300,posev,131,116,168,192
WIN_20240111_18_58_39_Pro_jpg.rf.20ca91d54d3b7efbe4673dde59603dfb.jpg,516,300,thumb,348,132,406,217
WIN_20240111_22_50_49_Pro_jpg.rf.25651096fb92bcfd074c398fa8d727f0.jpg,516,300,thumb,366,136,415,217
WIN_20240111_18_54_23_Pro_jpg.rf.274a3cee7230cf16a4e27efae856c7a6.jpg,516,300,posev,139,134,176,220
WIN_20240111_22_50_38_Pro_jpg.rf.2522ee99bd5c295378df2a1358b8acef.jpg,516,300,thumb,359,130,416,214
WIN_20240111_20_09_54_Pro_jpg.rf.3092c1a6d5d9b2bec1d5bbcd043eb763.jpg,516,300,posev,115,183,171,291
WIN_20240111_23_05_57_Pro_jpg.rf.2831676a06762736daf1a87a8e19548f.jpg,516,300,posev,325,138,373,220
WIN_20240111_20_14_20_Pro_jpg.rf.3695de3bb2c6e19d8aabfd42aee9129c.jpg,516,300,metal,213,188,295,274
WIN_20240111_18_57_47_Pro_jpg.rf.33302b7cec928816fdd11ae2a67322a5.jpg,516,300,posev,362,125,408,217
WIN_20240111_21_39_44_Pro-2-_jpg.rf.338bcea0483ce0a86ea1997f341408d5.jpg,516,300,posev,340,113,419,270
WIN_20240111_21_39_43_Pro_jpg.rf.335346461da8f0c9a416a0c8510dd49f.jpg,516,300,posev,341,110,422,267
WIN_20240111_18_57_59_Pro_jpg.rf.373830a31e64a4e9dd495a95e8d4bc6b.jpg,516,300,posev,355,137,400,231
WIN_20240111_21_39_42_Pro-2-_jpg.rf.380179f48dea6bcc926e1decf0914d00.jpg,516,300,posev,334,132,413,290
WIN_20240111_20_10_29_Pro_jpg.rf.3844c8de9ee927456daa305a6af15483.jpg,516,300,posev,329,147,385,249
WIN_20240111_23_06_00_Pro_jpg.rf.3ad005dfdd33ddc23a869144fd0b2791.jpg,516,300,metal,319,142,389,206
WIN_20240111_23_06_02_Pro_jpg.rf.3b2d713f207e0452b16dbd5f4721150f.jpg,516,300,metal,318,142,385,206
WIN_20240111_18_57_43_Pro_jpg.rf.3d42381b2a7698a591d1131978ce30ad.jpg,516,300,posev,359,126,410,214
WIN_20240111_18_58_11_Pro_jpg.rf.428845efb18bb56e3358c0dab38f4fc2.jpg,516,300,metal,345,122,424,203
WIN_20240111_22_51_31_Pro_jpg.rf.3d460bea52a20db0220b7c40107ae590.jpg,516,300,posev,342,113,391,204
WIN_20240111_21_39_37_Pro-2-_jpg.rf.3dc9b5f2d5fa005b3dc21912e588b766.jpg,516,300,metal,283,110,363,232

WIN_20240111_18_57_47_Pro_jpg.rf.3a05c050f987d7025bf2ebf66a7a3e95.jpg,516,300,posev,362,125,408,217
WIN_20240111_21_39_33_Pro_jpg.rf.4370415c7bd9fc0daac81c613dec61fa.jpg,516,300,metal,304,110,377,235
WIN_20240111_18_58_02_Pro_jpg.rf.42fdfb184e7b9dd127860225fa552546.jpg,516,300,posev,359,135,399,228
WIN_20240111_20_10_24_Pro_jpg.rf.4314ddb8e444d280a81173763f06ac98.jpg,516,300,posev,249,178,315,282
WIN_20240111_20_12_15_Pro_jpg.rf.4371f12ea13865070544d4b23fde635b.jpg,516,300,thumb,248,174,303,265
WIN_20240111_22_50_54_Pro_jpg.rf.45cbe5c46529e39388d52be79fc51cc0.jpg,516,300,metal,346,126,420,205
WIN_20240111_18_58_16_Pro_jpg.rf.493caa6bf1e28af0622a0336eb12a69f.jpg,516,300,metal,338,127,418,197
WIN_20240111_18_57_44_Pro_jpg.rf.48950cdc0daeb5c58cf5d7abc606f0eb.jpg,516,300,posev,370,124,411,214
WIN_20240111_21_39_42_Pro_jpg.rf.49cc9d97c72796b515e1c234f22e5852.jpg,516,300,posev,334,132,414,294
WIN_20240111_18_54_51_Pro_jpg.rf.428b66d6c8d82e7014577c8bf75e61cc.jpg,516,300,metal,117,135,181,223
WIN_20240111_18_57_40_Pro_jpg.rf.4ca737cd06870af2c835ca181ce330e0.jpg,516,300,posev,378,123,422,215
WIN_20240111_21_39_44_Pro_jpg.rf.4bca3dc91fac8ded936b9eb8ea7ae0ed.jpg,516,300,posev,341,115,422,275
WIN_20240111_22_50_38_Pro_jpg.rf.4be95a8989ea88204f0a3e6115dd4c8f.jpg,516,300,thumb,359,130,416,214
WIN_20240111_18_55_14_Pro_jpg.rf.4eb8dff8050db2fcfaa68a928aa4953d.jpg,516,300,thumb,144,152,204,230
WIN_20240111_18_58_16_Pro_jpg.rf.4b6416b023de3a90862706c8bd2b7beb.jpg,516,300,metal,338,127,418,197
WIN_20240111_18_55_10_Pro_jpg.rf.4e19066c728a9bca1ed10155505ede60.jpg,516,300,thumb,148,150,203,229
WIN_20240111_22_50_50_Pro_jpg.rf.50213caeb7428bf527f4e2eafd20b7d6.jpg,516,300,thumb,366,136,421,220
WIN_20240111_18_57_38_Pro_jpg.rf.5075c5c38bbce4b44f0689fa30f4d817.jpg,516,300,posev,372,123,414,216
WIN_20240111_21_39_42_Pro-2-_jpg.rf.4ea5400e4d6f07876d5b7eb65de16d68.jpg,516,300,posev,334,132,413,290
WIN_20240111_23_06_32_Pro_jpg.rf.52a8aab426af392c1ff880c4b20e3990.jpg,516,300,metal,114,111,168,179
WIN_20240111_22_51_05_Pro_jpg.rf.511b462b62701ab77b35a29cec475b6c.jpg,516,300,metal,343,124,414,203
WIN_20240111_18_57_46_Pro_jpg.rf.52355c351388d36668bd5a69ae1b275f.jpg,516,300,posev,370,125,411,219
WIN_20240111_20_10_46_Pro_jpg.rf.54e205a39c93a488b6321caaa74e03e6.jpg,516,300,posev,145,128,221,222
WIN_20240111_23_06_37_Pro_jpg.rf.54f67bcd203ad541eb7292b2c449360f.jpg,516,300,thumb,136,123,182,189
WIN_20240111_22_51_32_Pro-2-_jpg.rf.58cff82ece27813ebbc77f29d56d08f5.jpg,516,300,posev,339,111,392,208
WIN_20240111_20_10_24_Pro_jpg.rf.585423ad75e66bc67d323c56f408e7e6.jpg,516,300,posev,249,178,315,282
WIN_20240111_20_14_20_Pro_jpg.rf.55c5c5892acbd2851beba55f377438a4.jpg,516,300,metal,213,188,295,274
WIN_20240111_22_51_05_Pro_jpg.rf.5b16f83766222d70cb50c27a970f88a8.jpg,516,300,metal,343,124,414,203
WIN_20240111_22_51_24_Pro_jpg.rf.597e867775a6ee89f48549b107ef8199.jpg,516,300,posev,339,111,392,207
WIN_20240111_21_37_06_Pro_jpg.rf.55ad9628dd1abaac59e1672345d0ac8f.jpg,516,300,metal,293,106,356,213
WIN_20240111_21_39_43_Pro_jpg.rf.5ada57b984444508e319a3fed8330b55.jpg,516,300,posev,341,110,422,267
WIN_20240111_21_39_42_Pro-3-_jpg.rf.5de3d5aa9208cee7cd65b597f045b0a7.jpg,516,300,posev,334,132,416,293
WIN_20240111_23_06_19_Pro_jpg.rf.5ee0558badffd48ff306f6133faa9455.jpg,516,300,posev,137,110,173,181
WIN_20240111_22_51_31_Pro_jpg.rf.5ea2c5dca09183a58dd5fd705916fcf7.jpg,516,300,posev,342,113,391,204
WIN_20240111_18_58_42_Pro_jpg.rf.614d3356f6e8bb5ffe39706a38630087.jpg,516,300,thumb,342,132,408,214
WIN_20240111_18_54_17_Pro_jpg.rf.5b7ff2fa933879ee257383b8f05ed08f.jpg,516,300,posev,131,122,172,213
WIN_20240111_21_36_31_Pro_jpg.rf.62ce21848c3e92156fdfccc2f5edf997.jpg,516,300,posev,323,133,388,260
WIN_20240111_18_57_44_Pro_jpg.rf.63f74a8be6b40cb9bc7a7fa3329e1d18.jpg,516,300,posev,370,124,411,214
WIN_20240111_23_06_37_Pro_jpg.rf.656042064e51fbee55ec40f5c279dd95.jpg,516,300,thumb,136,123,182,189
WIN_20240111_20_10_29_Pro_jpg.rf.569e65ecdeebbd0d22c858c0314b6a84.jpg,516,300,posev,329,147,385,249
WIN_20240111_21_39_44_Pro-2-_jpg.rf.67ae2b20f52b4d5429d4e899a125526c.jpg,516,300,posev,340,113,419,270
WIN_20240111_23_05_57_Pro_jpg.rf.67ffe69f817a0bd619fb8b8df9bf8aba.jpg,516,300,posev,325,138,373,220
WIN_20240111_23_05_52_Pro_jpg.rf.66c16f08e47fd7a2c7cfcabd04762aa8.jpg,516,300,posev,337,146,382,229
WIN_20240111_18_55_14_Pro_jpg.rf.677f83a72005964536b32a25455b9c20.jpg,516,300,thumb,144,152,204,230
WIN_20240111_21_39_21_Pro_jpg.rf.6693ed0832a970b0f4035ba9dcb94994.jpg,516,300,thumb,305,99,375,221
WIN_20240111_18_57_40_Pro_jpg.rf.6442f9856b63000665e0f6f33bf12657.jpg,516,300,posev,378,123,422,215
WIN_20240111_18_58_29_Pro_jpg.rf.6aa3f5b9d26fa779095022c195924d1f.jpg,516,300,metal,345,137,409,198
WIN_20240111_23_06_01_Pro_jpg.rf.6b0d77b0fc61d9048e65dd89a33961ad.jpg,516,300,metal,319,142,386,206
WIN_20240111_23_06_38_Pro_jpg.rf.684f26666d5158442eafd254be0edae4.jpg,516,300,thumb,133,123,183,189
WIN_20240111_20_10_16_Pro_jpg.rf.6c1259a76cacf3abdc0b3dbd3e6d481f.jpg,516,300,posev,274,125,338,219
WIN_20240111_20_12_22_Pro_jpg.rf.6cc0e6e90adb5eec15b8a94fa37a75bb.jpg,516,300,thumb,136,201,193,287
WIN_20240111_18_55_12_Pro_jpg.rf.6c821f48077017ed3ac2c52ce4af0ed5.jpg,516,300,thumb,145,152,205,227
WIN_20240111_18_58_26_Pro_jpg.rf.6bea9df7ceb20b59c5ebf6fd72a9f381.jpg,516,300,metal,342,128,411,203
WIN_20240111_20_15_21_Pro_jpg.rf.6f0cd518eb533f2e7516b9a16ccf9c9d.jpg,516,300,metal,228,180,314,274
WIN_20240111_23_06_02_Pro_jpg.rf.6ddd6f3762660740150492e52356045e.jpg,516,300,metal,318,142,385,206
WIN_20240111_20_12_59_Pro_jpg.rf.6e63864a1817a90b9861922b653ad63d.jpg,516,300,thumb,279,184,336,278
WIN_20240111_21_39_33_Pro_jpg.rf.7296ad5a0dc9c53d6a5a103600317188.jpg,516,300,metal,304,110,377,235
WIN_20240111_18_58_29_Pro_jpg.rf.6a48d8bc4d645d4cdc9101eda106f28a.jpg,516,300,metal,345,137,409,198
WIN_20240111_18_55_10_Pro_jpg.rf.744ba63ce56a998386513bf502fb848c.jpg,516,300,thumb,148,150,203,229
WIN_20240111_18_57_44_Pro_jpg.rf.6fe095ca539f5700f37cfbf139fd1db1.jpg,516,300,posev,370,124,411,214
WIN_20240111_18_55_01_Pro_jpg.rf.6eabb539817ac8871f1d16c08290ac4d.jpg,516,300,metal,135,143,197,232
WIN_20240111_21_37_06_Pro_jpg.rf.74d564d5c8e020a0250589bb276c65cd.jpg,516,300,metal,293,106,356,213
WIN_20240111_18_58_34_Pro_jpg.rf.747a8b9f992153d0379ea416f1911e15.jpg,516,300,metal,346,134,409,197
WIN_20240111_23_05_52_Pro_jpg.rf.74637cc5db7ca149aeb9cbdafb767fbb.jpg,516,300,posev,337,146,382,229
WIN_20240111_20_14_44_Pro_jpg.rf.750b5f01135f1ccb26b572ea4623c819.jpg,516,300,metal,158,123,230,212
WIN_20240111_23_06_02_Pro_jpg.rf.7777dc50ac834b80c010d30e42ec3fc7.jpg,516,300,metal,318,142,385,206
WIN_20240111_21_39_33_Pro_jpg.rf.759d18825f171ee244e827dc2c88622f.jpg,516,300,metal,304,110,377,235
WIN_20240111_23_06_01_Pro_jpg.rf.747ceb086654cdda40e30930f8782ec7.jpg,516,300,metal,319,142,386,206
WIN_20240111_20_12_49_Pro_jpg.rf.77ecabe718b8ce67446061458e3cb0a1.jpg,516,300,thumb,92,187,135,263
WIN_20240111_22_51_32_Pro-2-_jpg.rf.7a42269b832c80a0795a2d213e71de20.jpg,516,300,posev,339,111,392,208
WIN_20240111_18_57_59_Pro_jpg.rf.7b6d6bc696aa53c90eb824fe95a68acd.jpg,516,300,posev,355,137,400,231
WIN_20240111_18_58_39_Pro_jpg.rf.7b3200f2d35730ae432d51f803326364.jpg,516,300,thumb,348,132,406,217
WIN_20240111_18_54_23_Pro_jpg.rf.79151a87b8750ebc83c4b9a44f463780.jpg,516,300,posev,139,134,176,220
WIN_20240111_18_58_42_Pro_jpg.rf.7c332799802a53f02b858b424dc2dae3.jpg,516,300,thumb,342,132,408,214
WIN_20240111_22_50_40_Pro_jpg.rf.7d21e131495bf379f7e3ba4fb1ad1d86.jpg,516,300,thumb,362,132,421,214
WIN_20240111_22_50_38_Pro_jpg.rf.7f8a77bb18fd9c66f43e931de9b9a96b.jpg,516,300,thumb,359,130,416,214
WIN_20240111_18_54_45_Pro_jpg.rf.7e3a69d5e7f678de40e6d0b30b0f4a86.jpg,516,300,metal,115,134,181,225
WIN_20240111_18_58_11_Pro_jpg.rf.807fc4dd70dfdde32f9e10ff680029b9.jpg,516,300,metal,345,122,424,203
WIN_20240111_21_39_31_Pro-3-_jpg.rf.806a422dbb04d901e914668c56247445.jpg,516,300,metal,279,112,360,240
WIN_20240111_20_15_04_Pro_jpg.rf.810331c89ab78c3df90c48ddc64c597f.jpg,516,300,metal,114,171,179,261
WIN_20240111_18_58_09_Pro_jpg.rf.816a7e222c5357b52553718091369a97.jpg,516,300,metal,347,119,424,200
WIN_20240111_18_54_19_Pro_jpg.rf.7c6ad2f48266bde3256b981d111f2b02.jpg,516,300,posev,135,121,174,209
WIN_20240111_18_58_25_Pro_jpg.rf.81cccf07e52721483ec8139048cd7d69.jpg,516,300,metal,340,127,403,198
WIN_20240111_18_58_41_Pro_jpg.rf.8240f823bd8b8c4db452bfc362ba1156.jpg,516,300,thumb,342,131,404,215
WIN_20240111_22_50_43_Pro_jpg.rf.836e66e72793afc1ffde0d3abdb5f66d.jpg,516,300,thumb,361,132,418,213
WIN_20240111_21_39_31_Pro-3-_jpg.rf.85f3b3e9ba1a7ffbe2316740056c42b0.jpg,516,300,metal,279,112,360,240
WIN_20240111_23_06_38_Pro_jpg.rf.8b21e9e520e8ffdfd9a7e964bf690662.jpg,516,300,thumb,133,123,183,189
WIN_20240111_20_10_24_Pro_jpg.rf.87cd8c7931b18c97af3e7dd2bde9a6e8.jpg,516,300,posev,249,178,315,282
WIN_20240111_20_10_29_Pro_jpg.rf.8d91b84b1958beb930f01a0f7c798285.jpg,516,300,posev,329,147,385,249
WIN_20240111_21_37_06_Pro_jpg.rf.8bfa78d4c4aac1ab36a35e831c148b50.jpg,516,300,metal,293,106,356,213
WIN_20240111_18_57_54_Pro_jpg.rf.8706f7c3d40544e89f2036ee4756b5b7.jpg,516,300,posev,362,138,405,229
WIN_20240111_18_58_43_Pro_jpg.rf.85010598a16741d83335850749ea9a67.jpg,516,300,thumb,345,130,406,214
WIN_20240111_23_06_00_Pro_jpg.rf.88815e1738e11fcff84b8ed7aa7b96ff.jpg,516,300,metal,319,142,389,206
WIN_20240111_20_12_18_Pro_jpg.rf.8eaf4a92bf901da5cd8f4d4eb0d0c558.jpg,516,300,thumb,145,158,198,239
WIN_20240111_22_51_03_Pro_jpg.rf.92ca41781ea81cbd6b266746d431dcac.jpg,516,300,metal,341,124,412,202
WIN_20240111_18_55_12_Pro_jpg.rf.9435fd4fc79a407cd4a79c61b05dfda9.jpg,516,300,thumb,145,152,205,227
WIN_20240111_20_10_46_Pro_jpg.rf.935aa6972e02f6e49c7a7c2547bc52bd.jpg,516,300,posev,145,128,221,222
WIN_20240111_21_39_44_Pro_jpg.rf.8e760cdd118a984220a2229638cf2d86.jpg,516,300,posev,341,115,422,275
WIN_20240111_20_14_56_Pro_jpg.rf.970871bf2179e0e80c95bf71eece0d19.jpg,516,300,metal,208,177,281,265
WIN_20240111_22_50_40_Pro_jpg.rf.94d56a5737c507c7a16dc02c21b7539f.jpg,516,300,thumb,362,132,421,214
WIN_20240111_18_54_51_Pro_jpg.rf.8746dae4ab5d5fe4f7fa291167cb95b4.jpg,516,300,metal,117,135,181,223
WIN_20240111_18_57_40_Pro_jpg.rf.9856fb41eb03156242a086bcd3058542.jpg,516,300,posev,378,123,422,215
WIN_20240111_18_58_17_Pro_jpg.rf.9746c02831c3253c8cc33d652741519f.jpg,516,300,metal,352,116,429,198
WIN_20240111_21_39_37_Pro-2-_jpg.rf.8fa2d334f23dc7d6a4313ac3ee270095.jpg,516,300,metal,283,110,363,232
WIN_20240111_23_06_31_Pro_jpg.rf.97935cdeca3bdeaa32473edee12d6ff1.jpg,516,300,metal,116,111,169,177
WIN_20240111_20_14_20_Pro_jpg.rf.979daa94fa8059eaebdafad7e1ad7454.jpg,516,300,metal,213,188,295,274
WIN_20240111_18_58_41_Pro_jpg.rf.985aa4d1a7cbea608006a921d2f3de72.jpg,516,300,thumb,342,131,404,215
WIN_20240111_20_15_21_Pro_jpg.rf.996184f0f168a6a1f4f52e0c118fd3e3.jpg,516,300,metal,228,180,314,274
WIN_20240111_22_51_31_Pro_jpg.rf.9aa384493f94a1f88cc38aa7333ef0e8.jpg,516,300,posev,342,113,391,204
WIN_20240111_23_06_36_Pro_jpg.rf.98b2c10f298b8e20b567f37cffd5b454.jpg,516,300,thumb,134,123,181,189
WIN_20240111_22_50_42_Pro_jpg.rf.9acd504456b5af3c519489b5ee1b8c24.jpg,516,300,thumb,361,132,421,214
WIN_20240111_22_51_05_Pro_jpg.rf.9b02dc91cd4bab8d0d79ee873257a45d.jpg,516,300,metal,343,124,414,203
WIN_20240111_23_06_47_Pro_jpg.rf.9c3e1e40292c64688b70785280d316a8.jpg,516,300,metal,348,116,422,187
WIN_20240111_20_15_04_Pro_jpg.rf.9b2acf8e8373096128a82e0568623549.jpg,516,300,metal,114,171,179,261
WIN_20240111_23_06_36_Pro_jpg.rf.9f3cc3d97e3944fb44350eaaa0944acd.jpg,516,300,thumb,134,123,181,189

WIN_20240111_18_58_34_Pro_jpg.rf.9f738c4a480c47e9b4864b391fb48e29.jpg,516,300,metal,346,134,409,197
WIN_20240111_18_54_19_Pro_jpg.rf.a28edf974c7249ed33360687467fddfc.jpg,516,300,posev,135,121,174,209
WIN_20240111_22_51_24_Pro_jpg.rf.a3e92d499848157c78183b6b1d3a3b74.jpg,516,300,posev,339,111,392,207
WIN_20240111_18_54_47_Pro_jpg.rf.a5553f876f14e6172ce917d9d88c6c9a.jpg,516,300,metal,116,135,179,224
WIN_20240111_18_58_09_Pro_jpg.rf.a584d99f9a6b89bde2bd843d4e3ef098.jpg,516,300,metal,347,119,424,200
WIN_20240111_21_39_43_Pro-2-_jpg.rf.a3ef5062784cad2343f9587c70824706.jpg,516,300,posev,343,110,420,265
WIN_20240111_18_54_29_Pro_jpg.rf.a70da92078b5597b0ea57ada19adf781.jpg,516,300,posev,145,138,191,231
WIN_20240111_18_57_43_Pro_jpg.rf.a8ab4e0f8d0fe72efd2ad25b21ad74c1.jpg,516,300,posev,359,126,410,214
WIN_20240111_20_12_15_Pro_jpg.rf.a960cc597c89d4500f0392e6df8b00c6.jpg,516,300,thumb,248,174,303,265
WIN_20240111_18_54_59_Pro_jpg.rf.a688f588516aa5e2c49e9189e935212f.jpg,516,300,metal,137,143,198,233
WIN_20240111_18_55_01_Pro_jpg.rf.ac90deb1ee09c2c36cb044bd755a043a.jpg,516,300,metal,135,143,197,232
WIN_20240111_18_54_29_Pro_jpg.rf.ac808676832c839dae9f031bd6e337c7.jpg,516,300,posev,145,138,191,231
WIN_20240111_21_39_37_Pro_jpg.rf.adc518df7167029887b903061970616e.jpg,516,300,metal,283,110,363,231
WIN_20240111_18_58_42_Pro_jpg.rf.aeef4fa229bc7c29421e5d74e2ff0958.jpg,516,300,thumb,342,132,408,214
WIN_20240111_18_55_12_Pro_jpg.rf.ad448b510e22bcb678971c958cec2173.jpg,516,300,thumb,145,152,205,227
WIN_20240111_20_15_15_Pro_jpg.rf.b01ff0c5d02edc528e9063a4ffa09401.jpg,516,300,metal,156,101,242,199
WIN_20240111_23_06_20_Pro_jpg.rf.b2004a3f32298dc8f42ef6a0cf293c4a.jpg,516,300,posev,139,110,172,184
WIN_20240111_21_39_21_Pro_jpg.rf.a794e3b2dce830caa2883095e16b4eb1.jpg,516,300,thumb,305,99,375,221
WIN_20240111_18_54_29_Pro_jpg.rf.b2e9d5b0b320327437b34974c13f779d.jpg,516,300,posev,145,138,191,231
WIN_20240111_20_14_27_Pro_jpg.rf.b53a4b92684e33a4975761f495246ec8.jpg,516,300,metal,262,114,330,192
WIN_20240111_18_54_17_Pro_jpg.rf.af68964348ba7463f04a9cc9cccd462d.jpg,516,300,posev,131,122,172,213

WIN_20240111_21_39_37_Pro-2-_jpg.rf.b6a9ac8e10699265473dc967500de4e8.jpg,516,300,metal,283,110,363,232
WIN_20240111_22_50_42_Pro_jpg.rf.b252c63d0e3b753c3f95428cba6bffbb.jpg,516,300,thumb,361,132,421,214
WIN_20240111_20_14_27_Pro_jpg.rf.b6f1e52705ea6ccd0af782adfe37990e.jpg,516,300,metal,262,114,330,192
WIN_20240111_18_58_34_Pro_jpg.rf.b7aea48be2e883b5a713df0a4b163d1f.jpg,516,300,metal,346,134,409,197
WIN_20240111_18_58_25_Pro_jpg.rf.b80144a2d77059412882d0588cb6d02a.jpg,516,300,metal,340,127,403,198
WIN_20240111_18_57_38_Pro_jpg.rf.b23335a1624e95d8fb01e0a8bbd95e31.jpg,516,300,posev,372,123,414,216
WIN_20240111_23_06_37_Pro_jpg.rf.b82091b914dd5025e7d735692f916043.jpg,516,300,thumb,136,123,182,189
WIN_20240111_20_15_15_Pro_jpg.rf.b188c962fe43944ea5fc6741187b0052.jpg,516,300,metal,156,101,242,199
WIN_20240111_23_06_11_Pro_jpg.rf.b8666395a6288a5ac164cd6967a88fc7.jpg,516,300,thumb,333,124,387,198
WIN_20240111_23_06_20_Pro_jpg.rf.b72e2952aae9ff298d615885e2d9b525.jpg,516,300,posev,139,110,172,184
WIN_20240111_18_54_49_Pro_jpg.rf.b8b11a0076666644d10d583e3faa269b.jpg,516,300,metal,117,135,178,226
WIN_20240111_21_39_43_Pro_jpg.rf.b8ebf3762b5fd471a3fd4addc772e5a6.jpg,516,300,posev,341,110,422,267
WIN_20240111_23_06_19_Pro_jpg.rf.b91943e66050a9d8be2d558c7545a5eb.jpg,516,300,posev,137,110,173,181
WIN_20240111_18_58_43_Pro_jpg.rf.bd20092b135df3de508549b603b0bf4b.jpg,516,300,thumb,345,130,406,214
WIN_20240111_23_06_36_Pro_jpg.rf.b9b5e9d624541af685f520d560c884de.jpg,516,300,thumb,134,123,181,189
WIN_20240111_20_13_29_Pro_jpg.rf.bec8e56002378518dc7026c440849713.jpg,516,300,thumb,280,208,334,295
WIN_20240111_21_39_42_Pro_jpg.rf.bec5b1a77d515f36d5d0180cef046986.jpg,516,300,posev,334,132,414,294
WIN_20240111_18_55_10_Pro_jpg.rf.c042ef7bb45a79b026409df32626cea7.jpg,516,300,thumb,148,150,203,229
WIN_20240111_20_12_59_Pro_jpg.rf.ba2f08cdc22e8401c4dfae2c05ebcc4e.jpg,516,300,thumb,279,184,336,278
WIN_20240111_22_50_43_Pro_jpg.rf.bf8320861d056d4396e92f90d4674c29.jpg,516,300,thumb,361,132,418,213
WIN_20240111_20_14_56_Pro_jpg.rf.c3e5b31f91143966bcd96f363decec40.jpg,516,300,metal,208,177,281,265
WIN_20240111_18_58_39_Pro_jpg.rf.c099b688e7818dd7b9be1c23ef8b622b.jpg,516,300,thumb,348,132,406,217
WIN_20240111_18_54_47_Pro_jpg.rf.c17cee36780b05075a51130f0457bb9e.jpg,516,300,metal,116,135,179,224
WIN_20240111_23_06_43_Pro_jpg.rf.c4ddd4684d0111bdd08dcc45e52cc24a.jpg,516,300,posev,131,116,168,192
WIN_20240111_22_50_40_Pro_jpg.rf.c5bc2bb0078f12902e741d059f28151e.jpg,516,300,thumb,362,132,421,214
WIN_20240111_20_14_44_Pro_jpg.rf.c8858fa261c90f54af025a17e19d1881.jpg,516,300,metal,158,123,230,212
WIN_20240111_21_39_21_Pro_jpg.rf.cafc1a57c985fdbf52cf171900e2984a.jpg,516,300,thumb,305,99,375,221
WIN_20240111_22_50_54_Pro_jpg.rf.c4d94192cca73ae6fd9c7b69b984a44d.jpg,516,300,metal,346,126,420,205
WIN_20240111_20_12_22_Pro_jpg.rf.cb2f7c5c7d4daa98ed277879be73ff1a.jpg,516,300,thumb,136,201,193,287
WIN_20240111_22_51_24_Pro_jpg.rf.cb00b5c1ae2a074b282989e5de4f464e.jpg,516,300,posev,339,111,392,207
WIN_20240111_23_05_57_Pro_jpg.rf.c980ec6326aa7d8de26a2c3759f0b66d.jpg,516,300,posev,325,138,373,220
WIN_20240111_20_09_54_Pro_jpg.rf.cdcbd8e20d1e77f11547beb26f894362.jpg,516,300,posev,115,183,171,291
WIN_20240111_20_15_21_Pro_jpg.rf.cbce3517872024e21ca7adcfe44b8198.jpg,516,300,metal,228,180,314,274
WIN_20240111_20_12_15_Pro_jpg.rf.ce692a2cd9cb603511e3f12f11fd47df.jpg,516,300,thumb,248,174,303,265
WIN_20240111_23_06_20_Pro_jpg.rf.cd4c198341f81de1343489f22bbbe8d9.jpg,516,300,posev,139,110,172,184
WIN_20240111_18_57_38_Pro_jpg.rf.cfd072307caf061e222c805a16319f37.jpg,516,300,posev,372,123,414,216
WIN_20240111_21_39_42_Pro-3-_jpg.rf.d04e12d922636866d50596c42d9eb303.jpg,516,300,posev,334,132,416,293
WIN_20240111_22_51_25_Pro_jpg.rf.d00a37b0271a290f9c50281b2e72861c.jpg,516,300,posev,340,111,393,202
WIN_20240111_18_57_46_Pro_jpg.rf.ccf3f3b0ed5459db499e6f2273fc9f55.jpg,516,300,posev,370,125,411,219
WIN_20240111_20_12_22_Pro_jpg.rf.d0b8a4c1c7e6fe74aa18d09478dafded.jpg,516,300,thumb,136,201,193,287
WIN_20240111_23_06_19_Pro_jpg.rf.cf389ed67370d0a68577b4c04f918021.jpg,516,300,posev,137,110,173,181